Ek_folder,Ek,Pr_folder,Pr,Ra_folder,Ra,fd,fd_stderr,m_star,drift_path
Ek9.2e-4,0.00092,Pr0.1,0.1,Ra556_8322,556.8322,-3.0685820971992954,1.565742530982517e-11,3,/pfs/lustrep1/scratch/project_465001528/scalisim/THE/fs_RTC/Ek9.2e-4/Pr0.1/Ra556_8322/movie/movie_test/drift.json
Ek9.2e-4,0.00092,Pr0.1,0.1,Ra727_7411,727.7411,-1.2989301689697266,6.594625013589112e-15,3,/pfs/lustrep1/scratch/project_465001528/scalisim/THE/fs_RTC/Ek9.2e-4/Pr0.1/Ra727_7411/movie/movie_test/drift.json
Ek9.2e-4,0.00092,Pr0.1,0.1,Ra811_1137,811.1137,-0.008013455761008098,4.742475993790118e-16,3,/pfs/lustrep1/scratch/project_465001528/scalisim/THE/fs_RTC/Ek9.2e-4/Pr0.1/Ra811_1137/movie/movie_test/drift.json
Ek9.2e-4,0.00092,Pr0.1,0.1,Ra811_5292,811.5292,-0.0016188652430714936,5.03540343364449e-16,3,/pfs/lustrep1/scratch/project_465001528/scalisim/THE/fs_RTC/Ek9.2e-4/Pr0.1/Ra811_5292/movie/movie_test/drift.json
Ek9.2e-4,0.00092,Pr0.1,0.1,Ra811_6093,811.6093,-0.00038616226432144267,4.3129137091128556e-16,3,/pfs/lustrep1/scratch/project_465001528/scalisim/THE/fs_RTC/Ek9.2e-4/Pr0.1/Ra811_6093/movie/movie_test/drift.json
Ek9.2e-4,0.00092,Pr0.1,0.1,Ra811_6282,811.6282,-9.530187439521048e-05,4.509832132440124e-16,3,/pfs/lustrep1/scratch/project_465001528/scalisim/THE/fs_RTC/Ek9.2e-4/Pr0.1/Ra811_6282/movie/movie_test/drift.json
Ek9.2e-4,0.00092,Pr0.1,0.1,Ra811_6375,811.6375,4.78196089106742e-05,3.561708368966012e-16,3,/pfs/lustrep1/scratch/project_465001528/scalisim/THE/fs_RTC/Ek9.2e-4/Pr0.1/Ra811_6375/movie/movie_test/drift.json
Ek9.2e-4,0.00092,Pr0.1,0.1,Ra811_6467,811.6467,0.00018940195966447496,4.0641119429303436e-16,3,/pfs/lustrep1/scratch/project_465001528/scalisim/THE/fs_RTC/Ek9.2e-4/Pr0.1/Ra811_6467/movie/movie_test/drift.json
Ek9.2e-4,0.00092,Pr0.1,0.1,Ra811_6824,811.6824,0.0007388012302036818,4.1967464314027523e-16,3,/pfs/lustrep1/scratch/project_465001528/scalisim/THE/fs_RTC/Ek9.2e-4/Pr0.1/Ra811_6824/movie/movie_test/drift.json
Ek9.2e-4,0.00092,Pr0.1,0.1,Ra811_8109,811.8109,0.0027163070228987864,3.5213546142900183e-16,3,/pfs/lustrep1/scratch/project_465001528/scalisim/THE/fs_RTC/Ek9.2e-4/Pr0.1/Ra811_8109/movie/movie_test/drift.json
Ek9.2e-4,0.00092,Pr0.1,0.1,Ra812_1682,812.1682,0.008214654696485706,6.057377504185162e-16,3,/pfs/lustrep1/scratch/project_465001528/scalisim/THE/fs_RTC/Ek9.2e-4/Pr0.1/Ra812_1682/movie/movie_test/drift.json
Ek9.2e-4,0.00092,Pr0.1,0.1,Ra898_6499,898.6499,1.3305399298036458,4.6522390156080566e-15,3,/pfs/lustrep1/scratch/project_465001528/scalisim/THE/fs_RTC/Ek9.2e-4/Pr0.1/Ra898_6499/movie/movie_test/drift.json
Ek9.2e-4,0.00092,Pr0.1,0.1,Ra1069_5588,1069.5588,0.8863544839395899,0.03772512120590435,3,/pfs/lustrep1/scratch/project_465001528/scalisim/THE/fs_RTC/Ek9.2e-4/Pr0.1/Ra1069_5588/movie/movie_test/drift.json
Ek9.2e-4,0.00092,Pr0.1,0.1,Ra1072_0307,1072.0307,0.9195609485663703,0.03310324734964709,3,/pfs/lustrep1/scratch/project_465001528/scalisim/THE/fs_RTC/Ek9.2e-4/Pr0.1/Ra1072_0307/movie/movie_test/drift.json
Ek9.2e-4,0.00092,Pr0.1,0.1,Ra1072_1690,1072.169,1.088510601246731,0.030248628011406258,3,/pfs/lustrep1/scratch/project_465001528/scalisim/THE/fs_RTC/Ek9.2e-4/Pr0.1/Ra1072_1690/movie/movie_test/drift.json
Ek9.2e-4,0.00092,Pr0.1,0.1,Ra1072_5063,1072.5063,1.4113327437697372,0.03152097101055794,3,/pfs/lustrep1/scratch/project_465001528/scalisim/THE/fs_RTC/Ek9.2e-4/Pr0.1/Ra1072_5063/movie/movie_test/drift.json
Ek9.2e-4,0.00092,Pr0.1,0.1,Ra1072_9881,1072.9881,1.9425240834094233,0.022836039132276706,3,/pfs/lustrep1/scratch/project_465001528/scalisim/THE/fs_RTC/Ek9.2e-4/Pr0.1/Ra1072_9881/movie/movie_test/drift.json
Ek9.2e-4,0.00092,Pr0.2,0.2,Ra309_5741,309.5741,-2.2546307764387876,5.569158869528008e-13,3,/pfs/lustrep1/scratch/project_465001528/scalisim/THE/fs_RTC/Ek9.2e-4/Pr0.2/Ra309_5741/movie/movie_test/drift.json
Ek9.2e-4,0.00092,Pr0.2,0.2,Ra404_5919,404.5919,-1.0267351326368341,4.460059342070515e-15,3,/pfs/lustrep1/scratch/project_465001528/scalisim/THE/fs_RTC/Ek9.2e-4/Pr0.2/Ra404_5919/movie/movie_test/drift.json
Ek9.2e-4,0.00092,Pr0.2,0.2,Ra471_8580,471.858,-0.005779782602986034,5.194716475006148e-16,3,/pfs/lustrep1/scratch/project_465001528/scalisim/THE/fs_RTC/Ek9.2e-4/Pr0.2/Ra471_8580/movie/movie_test/drift.json
Ek9.2e-4,0.00092,Pr0.2,0.2,Ra472_1653,472.1653,-0.0011737194542832542,3.20513823786923e-16,3,/pfs/lustrep1/scratch/project_465001528/scalisim/THE/fs_RTC/Ek9.2e-4/Pr0.2/Ra472_1653/movie/movie_test/drift.json
Ek9.2e-4,0.00092,Pr0.2,0.2,Ra472_2249,472.2249,-0.0002804689610570134,3.1754113348161026e-16,3,/pfs/lustrep1/scratch/project_465001528/scalisim/THE/fs_RTC/Ek9.2e-4/Pr0.2/Ra472_2249/movie/movie_test/drift.json
Ek9.2e-4,0.00092,Pr0.2,0.2,Ra472_2390,472.239,-6.915022625059965e-05,2.2685775700364163e-16,3,/pfs/lustrep1/scratch/project_465001528/scalisim/THE/fs_RTC/Ek9.2e-4/Pr0.2/Ra472_2390/movie/movie_test/drift.json
Ek9.2e-4,0.00092,Pr0.2,0.2,Ra472_2459,472.2459,3.426051865326483e-05,3.516582175941454e-16,3,/pfs/lustrep1/scratch/project_465001528/scalisim/THE/fs_RTC/Ek9.2e-4/Pr0.2/Ra472_2459/movie/movie_test/drift.json
Ek9.2e-4,0.00092,Pr0.2,0.2,Ra472_2528,472.2528,0.00013767090146752061,2.3660130211114926e-16,3,/pfs/lustrep1/scratch/project_465001528/scalisim/THE/fs_RTC/Ek9.2e-4/Pr0.2/Ra472_2528/movie/movie_test/drift.json
Ek9.2e-4,0.00092,Pr0.2,0.2,Ra472_2794,472.2794,0.0005363220319970357,3.0755671092278884e-16,3,/pfs/lustrep1/scratch/project_465001528/scalisim/THE/fs_RTC/Ek9.2e-4/Pr0.2/Ra472_2794/movie/movie_test/drift.json
Ek9.2e-4,0.00092,Pr0.2,0.2,Ra472_3754,472.3754,0.001975018164937498,2.6793383272597517e-16,3,/pfs/lustrep1/scratch/project_465001528/scalisim/THE/fs_RTC/Ek9.2e-4/Pr0.2/Ra472_3754/movie/movie_test/drift.json
Ek9.2e-4,0.00092,Pr0.2,0.2,Ra472_6438,472.6438,0.005996999836646445,4.236911080304179e-16,3,/pfs/lustrep1/scratch/project_465001528/scalisim/THE/fs_RTC/Ek9.2e-4/Pr0.2/Ra472_6438/movie/movie_test/drift.json
Ek9.2e-4,0.00092,Pr0.2,0.2,Ra499_6097,499.6097,0.4068490851452083,2.026596723767715e-15,3,/pfs/lustrep1/scratch/project_465001528/scalisim/THE/fs_RTC/Ek9.2e-4/Pr0.2/Ra499_6097/movie/movie_test/drift.json
Ek9.2e-4,0.00092,Pr0.2,0.2,Ra594_6275,594.6275,1.4683269511690338,0.005486940695963191,3,/pfs/lustrep1/scratch/project_465001528/scalisim/THE/fs_RTC/Ek9.2e-4/Pr0.2/Ra594_6275/movie/movie_test/drift.json
Ek9.2e-4,0.00092,Pr0.3,0.3,Ra222_3737,222.3737,-1.7128038765106304,2.059858325879019e-11,3,/pfs/lustrep1/scratch/project_465001528/scalisim/THE/fs_RTC/Ek9.2e-4/Pr0.3/Ra222_3737/movie/movie_test/drift.json
Ek9.2e-4,0.00092,Pr0.3,0.3,Ra290_6270,290.627,-0.7893098841556294,6.045061073739181e-15,3,/pfs/lustrep1/scratch/project_465001528/scalisim/THE/fs_RTC/Ek9.2e-4/Pr0.3/Ra290_6270/movie/movie_test/drift.json
Ek9.2e-4,0.00092,Pr0.3,0.3,Ra343_6815,343.6815,-0.0017487557278739034,3.6490845238564705e-16,3,/pfs/lustrep1/scratch/project_465001528/scalisim/THE/fs_RTC/Ek9.2e-4/Pr0.3/Ra343_6815/movie/movie_test/drift.json
Ek9.2e-4,0.00092,Pr0.3,0.3,Ra343_7762,343.7762,-0.0003517381569033163,3.699155359161539e-16,3,/pfs/lustrep1/scratch/project_465001528/scalisim/THE/fs_RTC/Ek9.2e-4/Pr0.3/Ra343_7762/movie/movie_test/drift.json
Ek9.2e-4,0.00092,Pr0.3,0.3,Ra343_7944,343.7944,-8.325788785535315e-05,5.171972927234963e-16,3,/pfs/lustrep1/scratch/project_465001528/scalisim/THE/fs_RTC/Ek9.2e-4/Pr0.3/Ra343_7944/movie/movie_test/drift.json
Ek9.2e-4,0.00092,Pr0.3,0.3,Ra343_8028,343.8028,4.065534832170049e-05,5.585032976248789e-16,3,/pfs/lustrep1/scratch/project_465001528/scalisim/THE/fs_RTC/Ek9.2e-4/Pr0.3/Ra343_8028/movie/movie_test/drift.json
Ek9.2e-4,0.00092,Pr0.3,0.3,Ra343_8109,343.8109,0.0001601426726561391,3.5316883019314124e-16,3,/pfs/lustrep1/scratch/project_465001528/scalisim/THE/fs_RTC/Ek9.2e-4/Pr0.3/Ra343_8109/movie/movie_test/drift.json
Ek9.2e-4,0.00092,Pr0.3,0.3,Ra343_8400,343.84,0.0005894083892222112,2.6471495758021686e-16,3,/pfs/lustrep1/scratch/project_465001528/scalisim/THE/fs_RTC/Ek9.2e-4/Pr0.3/Ra343_8400/movie/movie_test/drift.json
Ek9.2e-4,0.00092,Pr0.3,0.3,Ra343_9206,343.9206,0.0017783420491559502,7.203951432816423e-16,3,/pfs/lustrep1/scratch/project_465001528/scalisim/THE/fs_RTC/Ek9.2e-4/Pr0.3/Ra343_9206/movie/movie_test/drift.json
Ek9.2e-4,0.00092,Pr0.3,0.3,Ra358_8804,358.8804,0.22156307131806627,3.4232961833888046e-15,3,/pfs/lustrep1/scratch/project_465001528/scalisim/THE/fs_RTC/Ek9.2e-4/Pr0.3/Ra358_8804/movie/movie_test/drift.json
Ek9.2e-4,0.00092,Pr0.3,0.3,Ra427_1337,427.1337,1.0418108138430295,0.0031135173173488465,3,/pfs/lustrep1/scratch/project_465001528/scalisim/THE/fs_RTC/Ek9.2e-4/Pr0.3/Ra427_1337/movie/movie_test/drift.json
Ek9.2e-4,0.00092,Pr0.3,0.3,Ra495_3870,495.387,0.5315991439294879,0.008904281194933666,3,/pfs/lustrep1/scratch/project_465001528/scalisim/THE/fs_RTC/Ek9.2e-4/Pr0.3/Ra495_3870/movie/movie_test/drift.json
Ek9.2e-4,0.00092,Pr0.4,0.4,Ra175_7562,175.7562,-1.3504040902773684,2.814049151470853e-10,3,/pfs/lustrep1/scratch/project_465001528/scalisim/THE/fs_RTC/Ek9.2e-4/Pr0.4/Ra175_7562/movie/movie_test/drift.json
Ek9.2e-4,0.00092,Pr0.4,0.4,Ra229_7012,229.7012,-0.6184902301235937,3.4164553979087648e-15,3,/pfs/lustrep1/scratch/project_465001528/scalisim/THE/fs_RTC/Ek9.2e-4/Pr0.4/Ra229_7012/movie/movie_test/drift.json
Ek9.2e-4,0.00092,Pr0.4,0.4,Ra271_8243,271.8243,-0.0010368284145892536,5.611072007888974e-16,3,/pfs/lustrep1/scratch/project_465001528/scalisim/THE/fs_RTC/Ek9.2e-4/Pr0.4/Ra271_8243/movie/movie_test/drift.json
Ek9.2e-4,0.00092,Pr0.4,0.4,Ra271_8811,271.8811,-0.00020802671434435671,2.1195433493378817e-16,3,/pfs/lustrep1/scratch/project_465001528/scalisim/THE/fs_RTC/Ek9.2e-4/Pr0.4/Ra271_8811/movie/movie_test/drift.json
Ek9.2e-4,0.00092,Pr0.4,0.4,Ra271_8920,271.892,-4.898099365500926e-05,2.5649323781631263e-16,3,/pfs/lustrep1/scratch/project_465001528/scalisim/THE/fs_RTC/Ek9.2e-4/Pr0.4/Ra271_8920/movie/movie_test/drift.json
Ek9.2e-4,0.00092,Pr0.4,0.4,Ra271_9018,271.9018,9.401355517945709e-05,3.929263668370117e-16,3,/pfs/lustrep1/scratch/project_465001528/scalisim/THE/fs_RTC/Ek9.2e-4/Pr0.4/Ra271_9018/movie/movie_test/drift.json
Ek9.2e-4,0.00092,Pr0.4,0.4,Ra271_9192,271.9192,0.0003479002342984961,3.670080237402894e-16,3,/pfs/lustrep1/scratch/project_465001528/scalisim/THE/fs_RTC/Ek9.2e-4/Pr0.4/Ra271_9192/movie/movie_test/drift.json
Ek9.2e-4,0.00092,Pr0.4,0.4,Ra271_9673,271.9673,0.001049725723384702,2.7889766162372116e-16,3,/pfs/lustrep1/scratch/project_465001528/scalisim/THE/fs_RTC/Ek9.2e-4/Pr0.4/Ra271_9673/movie/movie_test/drift.json
Ek9.2e-4,0.00092,Pr0.4,0.4,Ra283_6461,283.6461,0.1708980185056592,7.215090911422936e-16,3,/pfs/lustrep1/scratch/project_465001528/scalisim/THE/fs_RTC/Ek9.2e-4/Pr0.4/Ra283_6461/movie/movie_test/drift.json
Ek9.2e-4,0.00092,Pr0.4,0.4,Ra337_5910,337.591,0.8366351580841757,0.0027647022406011787,3,/pfs/lustrep1/scratch/project_465001528/scalisim/THE/fs_RTC/Ek9.2e-4/Pr0.4/Ra337_5910/movie/movie_test/drift.json
Ek9.2e-4,0.00092,Pr0.4,0.4,Ra391_5360,391.536,0.6043803246189704,0.005884873674709868,3,/pfs/lustrep1/scratch/project_465001528/scalisim/THE/fs_RTC/Ek9.2e-4/Pr0.4/Ra391_5360/movie/movie_test/drift.json
Ek9.2e-4,0.00092,Pr0.5,0.5,Ra146_0359,146.0359,-1.1022240008116777,3.401074320810769e-09,3,/pfs/lustrep1/scratch/project_465001528/scalisim/THE/fs_RTC/Ek9.2e-4/Pr0.5/Ra146_0359/movie/movie_test/drift.json
Ek9.2e-4,0.00092,Pr0.5,0.5,Ra190_8588,190.8588,-0.49843500548683894,2.4094210835484614e-14,3,/pfs/lustrep1/scratch/project_465001528/scalisim/THE/fs_RTC/Ek9.2e-4/Pr0.5/Ra190_8588/movie/movie_test/drift.json
Ek9.2e-4,0.00092,Pr0.5,0.5,Ra225_0734,225.0734,-0.0009342082516081128,2.395703449758889e-16,3,/pfs/lustrep1/scratch/project_465001528/scalisim/THE/fs_RTC/Ek9.2e-4/Pr0.5/Ra225_0734/movie/movie_test/drift.json
Ek9.2e-4,0.00092,Pr0.5,0.5,Ra225_1250,225.125,-0.00018738994743278814,1.835578384906934e-16,3,/pfs/lustrep1/scratch/project_465001528/scalisim/THE/fs_RTC/Ek9.2e-4/Pr0.5/Ra225_1250/movie/movie_test/drift.json
Ek9.2e-4,0.00092,Pr0.5,0.5,Ra225_1349,225.1349,-4.410746949365145e-05,2.5282085456505575e-16,3,/pfs/lustrep1/scratch/project_465001528/scalisim/THE/fs_RTC/Ek9.2e-4/Pr0.5/Ra225_1349/movie/movie_test/drift.json
Ek9.2e-4,0.00092,Pr0.5,0.5,Ra225_1438,225.1438,8.470136244755976e-05,3.4631443156976634e-16,3,/pfs/lustrep1/scratch/project_465001528/scalisim/THE/fs_RTC/Ek9.2e-4/Pr0.5/Ra225_1438/movie/movie_test/drift.json
Ek9.2e-4,0.00092,Pr0.5,0.5,Ra225_1596,225.1596,0.0003133716616705041,4.649564103747194e-16,3,/pfs/lustrep1/scratch/project_465001528/scalisim/THE/fs_RTC/Ek9.2e-4/Pr0.5/Ra225_1596/movie/movie_test/drift.json
Ek9.2e-4,0.00092,Pr0.5,0.5,Ra225_2033,225.2033,0.0009458227805535026,2.3557845805013287e-16,3,/pfs/lustrep1/scratch/project_465001528/scalisim/THE/fs_RTC/Ek9.2e-4/Pr0.5/Ra225_2033/movie/movie_test/drift.json
Ek9.2e-4,0.00092,Pr0.5,0.5,Ra235_6817,235.6817,0.15207066236470965,3.7750648888068985e-15,3,/pfs/lustrep1/scratch/project_465001528/scalisim/THE/fs_RTC/Ek9.2e-4/Pr0.5/Ra235_6817/movie/movie_test/drift.json
Ek9.2e-4,0.00092,Pr0.5,0.5,Ra280_5046,280.5046,0.7174848450984843,0.0013245585217935996,3,/pfs/lustrep1/scratch/project_465001528/scalisim/THE/fs_RTC/Ek9.2e-4/Pr0.5/Ra280_5046/movie/movie_test/drift.json
Ek9.2e-4,0.00092,Pr0.6,0.6,Ra125_1915,125.1915,-0.9265126818450349,2.6170797434319556e-08,3,/pfs/lustrep1/scratch/project_465001528/scalisim/THE/fs_RTC/Ek9.2e-4/Pr0.6/Ra125_1915/movie/movie_test/drift.json
Ek9.2e-4,0.00092,Pr0.6,0.6,Ra163_6166,163.6166,-0.4125051221363371,2.8271216669909857e-13,3,/pfs/lustrep1/scratch/project_465001528/scalisim/THE/fs_RTC/Ek9.2e-4/Pr0.6/Ra163_6166/movie/movie_test/drift.json
Ek9.2e-4,0.00092,Pr0.6,0.6,Ra192_0989,192.0989,-0.0009609073331270601,7.106508349137148e-16,3,/pfs/lustrep1/scratch/project_465001528/scalisim/THE/fs_RTC/Ek9.2e-4/Pr0.6/Ra192_0989/movie/movie_test/drift.json
Ek9.2e-4,0.00092,Pr0.6,0.6,Ra192_1523,192.1523,-0.00019337632103493533,3.1724025621430134e-16,3,/pfs/lustrep1/scratch/project_465001528/scalisim/THE/fs_RTC/Ek9.2e-4/Pr0.6/Ra192_1523/movie/movie_test/drift.json
Ek9.2e-4,0.00092,Pr0.6,0.6,Ra192_1625,192.1625,-4.677245878542517e-05,2.3848660098820963e-16,3,/pfs/lustrep1/scratch/project_465001528/scalisim/THE/fs_RTC/Ek9.2e-4/Pr0.6/Ra192_1625/movie/movie_test/drift.json
Ek9.2e-4,0.00092,Pr0.6,0.6,Ra192_1719,192.1719,8.833215520961325e-05,2.9251333750667306e-16,3,/pfs/lustrep1/scratch/project_465001528/scalisim/THE/fs_RTC/Ek9.2e-4/Pr0.6/Ra192_1719/movie/movie_test/drift.json
Ek9.2e-4,0.00092,Pr0.6,0.6,Ra192_1883,192.1883,0.00032404450721020434,1.997982830537338e-16,3,/pfs/lustrep1/scratch/project_465001528/scalisim/THE/fs_RTC/Ek9.2e-4/Pr0.6/Ra192_1883/movie/movie_test/drift.json
Ek9.2e-4,0.00092,Pr0.6,0.6,Ra192_2336,192.2336,0.0009751142498165554,4.892782296685451e-16,3,/pfs/lustrep1/scratch/project_465001528/scalisim/THE/fs_RTC/Ek9.2e-4/Pr0.6/Ra192_2336/movie/movie_test/drift.json
Ek9.2e-4,0.00092,Pr0.6,0.6,Ra202_0417,202.0417,0.14138101362012512,1.3247539535811863e-15,3,/pfs/lustrep1/scratch/project_465001528/scalisim/THE/fs_RTC/Ek9.2e-4/Pr0.6/Ra202_0417/movie/movie_test/drift.json
Ek9.2e-4,0.00092,Pr0.6,0.6,Ra240_4669,240.4669,0.677707356147803,0.0005041381744558329,3,/pfs/lustrep1/scratch/project_465001528/scalisim/THE/fs_RTC/Ek9.2e-4/Pr0.6/Ra240_4669/movie/movie_test/drift.json
Ek9.2e-4,0.00092,Pr0.6,0.6,Ra278_8920,278.892,0.6227941286188785,0.0026243117601028342,3,/pfs/lustrep1/scratch/project_465001528/scalisim/THE/fs_RTC/Ek9.2e-4/Pr0.6/Ra278_8920/movie/movie_test/drift.json
Ek9.2e-4,0.00092,Pr0.8,0.8,Ra97_6286,97.6286,-0.6996535506152999,2.9279849772309813e-07,3,/pfs/lustrep1/scratch/project_465001528/scalisim/THE/fs_RTC/Ek9.2e-4/Pr0.8/Ra97_6286/movie/movie_test/drift.json
Ek9.2e-4,0.00092,Pr0.8,0.8,Ra127_5938,127.5938,-0.30144239512803667,1.955208936116311e-11,3,/pfs/lustrep1/scratch/project_465001528/scalisim/THE/fs_RTC/Ek9.2e-4/Pr0.8/Ra127_5938/movie/movie_test/drift.json
Ek9.2e-4,0.00092,Pr0.8,0.8,Ra148_6093,148.6093,-0.0010457662770842733,6.282624602728153e-15,3,/pfs/lustrep1/scratch/project_465001528/scalisim/THE/fs_RTC/Ek9.2e-4/Pr0.8/Ra148_6093/movie/movie_test/drift.json
Ek9.2e-4,0.00092,Pr0.8,0.8,Ra148_6681,148.6681,-0.00021096756829253922,6.1137459014128905e-15,3,/pfs/lustrep1/scratch/project_465001528/scalisim/THE/fs_RTC/Ek9.2e-4/Pr0.8/Ra148_6681/movie/movie_test/drift.json
Ek9.2e-4,0.00092,Pr0.8,0.8,Ra148_6794,148.6794,-5.054429846806533e-05,6.2457619324532734e-15,3,/pfs/lustrep1/scratch/project_465001528/scalisim/THE/fs_RTC/Ek9.2e-4/Pr0.8/Ra148_6794/movie/movie_test/drift.json
Ek9.2e-4,0.00092,Pr0.8,0.8,Ra148_6847,148.6847,2.469783659317742e-05,6.275571358669909e-15,3,/pfs/lustrep1/scratch/project_465001528/scalisim/THE/fs_RTC/Ek9.2e-4/Pr0.8/Ra148_6847/movie/movie_test/drift.json
Ek9.2e-4,0.00092,Pr0.8,0.8,Ra148_6897,148.6897,9.568060946853222e-05,6.196074989709545e-15,3,/pfs/lustrep1/scratch/project_465001528/scalisim/THE/fs_RTC/Ek9.2e-4/Pr0.8/Ra148_6897/movie/movie_test/drift.json
Ek9.2e-4,0.00092,Pr0.8,0.8,Ra148_7079,148.7079,0.0003540548399894929,6.276479421670712e-15,3,/pfs/lustrep1/scratch/project_465001528/scalisim/THE/fs_RTC/Ek9.2e-4/Pr0.8/Ra148_7079/movie/movie_test/drift.json
Ek9.2e-4,0.00092,Pr0.8,0.8,Ra148_7582,148.7582,0.0010681080453460853,6.361832452050102e-15,3,/pfs/lustrep1/scratch/project_465001528/scalisim/THE/fs_RTC/Ek9.2e-4/Pr0.8/Ra148_7582/movie/movie_test/drift.json
Ek9.2e-4,0.00092,Pr0.8,0.8,Ra157_5591,157.5591,0.12535132254598327,7.55849821812524e-14,3,/pfs/lustrep1/scratch/project_465001528/scalisim/THE/fs_RTC/Ek9.2e-4/Pr0.8/Ra157_5591/movie/movie_test/drift.json
Ek9.2e-4,0.00092,Pr0.8,0.8,Ra187_5243,187.5243,0.53189820265652,6.463228975235511e-05,3,/pfs/lustrep1/scratch/project_465001528/scalisim/THE/fs_RTC/Ek9.2e-4/Pr0.8/Ra187_5243/movie/movie_test/drift.json
Ek9.2e-4,0.00092,Pr0.8,0.8,Ra217_4895,217.4895,0.5969013781577159,0.004431366474797588,3,/pfs/lustrep1/scratch/project_465001528/scalisim/THE/fs_RTC/Ek9.2e-4/Pr0.8/Ra217_4895/movie/movie_test/drift.json
Ek9.2e-4,0.00092,Pr1,1.0,Ra80_1089,80.1089,-0.5614638694428857,8.709963436123399e-07,3,/pfs/lustrep1/scratch/project_465001528/scalisim/THE/fs_RTC/Ek9.2e-4/Pr1/Ra80_1089/movie/movie_test/drift.json
Ek9.2e-4,0.00092,Pr1,1.0,Ra104_6968,104.6968,-0.23478268703899052,2.661779741545591e-10,3,/pfs/lustrep1/scratch/project_465001528/scalisim/THE/fs_RTC/Ek9.2e-4/Pr1/Ra104_6968/movie/movie_test/drift.json
Ek9.2e-4,0.00092,Pr1,1.0,Ra121_2020,121.202,-0.0010794573238681346,3.348639340814223e-12,3,/pfs/lustrep1/scratch/project_465001528/scalisim/THE/fs_RTC/Ek9.2e-4/Pr1/Ra121_2020/movie/movie_test/drift.json
Ek9.2e-4,0.00092,Pr1,1.0,Ra121_2633,121.2633,-0.0002185558985049419,3.4204897834039365e-12,3,/pfs/lustrep1/scratch/project_465001528/scalisim/THE/fs_RTC/Ek9.2e-4/Pr1/Ra121_2633/movie/movie_test/drift.json
Ek9.2e-4,0.00092,Pr1,1.0,Ra121_2751,121.2751,-5.284441887222144e-05,3.433443605036888e-12,3,/pfs/lustrep1/scratch/project_465001528/scalisim/THE/fs_RTC/Ek9.2e-4/Pr1/Ra121_2751/movie/movie_test/drift.json
Ek9.2e-4,0.00092,Pr1,1.0,Ra121_2807,121.2807,2.5797351998050083e-05,3.439044464500304e-12,3,/pfs/lustrep1/scratch/project_465001528/scalisim/THE/fs_RTC/Ek9.2e-4/Pr1/Ra121_2807/movie/movie_test/drift.json
Ek9.2e-4,0.00092,Pr1,1.0,Ra121_2860,121.286,0.00010022559829827022,3.445562552783222e-12,3,/pfs/lustrep1/scratch/project_465001528/scalisim/THE/fs_RTC/Ek9.2e-4/Pr1/Ra121_2860/movie/movie_test/drift.json
Ek9.2e-4,0.00092,Pr1,1.0,Ra121_3049,121.3049,0.00036563499834552684,3.4663069839547648e-12,3,/pfs/lustrep1/scratch/project_465001528/scalisim/THE/fs_RTC/Ek9.2e-4/Pr1/Ra121_3049/movie/movie_test/drift.json
Ek9.2e-4,0.00092,Pr1,1.0,Ra121_3577,121.3577,0.0011070585918810957,3.520939747248334e-12,3,/pfs/lustrep1/scratch/project_465001528/scalisim/THE/fs_RTC/Ek9.2e-4/Pr1/Ra121_3577/movie/movie_test/drift.json
Ek9.2e-4,0.00092,Pr1,1.0,Ra129_2846,129.2846,0.11170399187910054,1.5243622682441878e-12,3,/pfs/lustrep1/scratch/project_465001528/scalisim/THE/fs_RTC/Ek9.2e-4/Pr1/Ra129_2846/movie/movie_test/drift.json
Ek9.2e-4,0.00092,Pr1,1.0,Ra153_8724,153.8724,0.4413715510627448,6.144741513352706e-06,3,/pfs/lustrep1/scratch/project_465001528/scalisim/THE/fs_RTC/Ek9.2e-4/Pr1/Ra153_8724/movie/movie_test/drift.json
Ek9.2e-4,0.00092,Pr1,1.0,Ra178_4603,178.4603,0.3691785028327089,0.0021732913645575998,3,/pfs/lustrep1/scratch/project_465001528/scalisim/THE/fs_RTC/Ek9.2e-4/Pr1/Ra178_4603/movie/movie_test/drift.json
Ek9.2e-4,0.00092,Pr2,2.0,Ra42_3148,42.3148,-0.28140678865746743,1.6386737005805231e-06,3,/pfs/lustrep1/scratch/project_465001528/scalisim/THE/fs_RTC/Ek9.2e-4/Pr2/Ra42_3148/movie/movie_test/drift.json
Ek9.2e-4,0.00092,Pr2,2.0,Ra55_3025,55.3025,-0.10811840003591093,2.399353371652856e-07,3,/pfs/lustrep1/scratch/project_465001528/scalisim/THE/fs_RTC/Ek9.2e-4/Pr2/Ra55_3025/movie/movie_test/drift.json
Ek9.2e-4,0.00092,Pr2,2.0,Ra63_1160,63.116,-0.0008985943891973882,2.7331069816955245e-08,3,/pfs/lustrep1/scratch/project_465001528/scalisim/THE/fs_RTC/Ek9.2e-4/Pr2/Ra63_1160/movie/movie_test/drift.json
Ek9.2e-4,0.00092,Pr2,2.0,Ra63_1688,63.1688,-0.00018278434316262914,2.6453598567374515e-08,3,/pfs/lustrep1/scratch/project_465001528/scalisim/THE/fs_RTC/Ek9.2e-4/Pr2/Ra63_1688/movie/movie_test/drift.json
Ek9.2e-4,0.00092,Pr2,2.0,Ra63_1791,63.1791,-4.316309613633705e-05,2.6277615230001115e-08,3,/pfs/lustrep1/scratch/project_465001528/scalisim/THE/fs_RTC/Ek9.2e-4/Pr2/Ra63_1791/movie/movie_test/drift.json
Ek9.2e-4,0.00092,Pr2,2.0,Ra63_1884,63.1884,8.289821161569657e-05,2.6117389104320717e-08,3,/pfs/lustrep1/scratch/project_465001528/scalisim/THE/fs_RTC/Ek9.2e-4/Pr2/Ra63_1884/movie/movie_test/drift.json
Ek9.2e-4,0.00092,Pr2,2.0,Ra63_2050,63.205,0.000307900295764301,2.5828288465515147e-08,3,/pfs/lustrep1/scratch/project_465001528/scalisim/THE/fs_RTC/Ek9.2e-4/Pr2/Ra63_2050/movie/movie_test/drift.json
Ek9.2e-4,0.00092,Pr2,2.0,Ra63_2514,63.2514,0.000936749772859965,2.4999447928508264e-08,3,/pfs/lustrep1/scratch/project_465001528/scalisim/THE/fs_RTC/Ek9.2e-4/Pr2/Ra63_2514/movie/movie_test/drift.json
Ek9.2e-4,0.00092,Pr2,2.0,Ra68_2902,68.2902,0.06853533004588588,7.257038740841607e-08,3,/pfs/lustrep1/scratch/project_465001528/scalisim/THE/fs_RTC/Ek9.2e-4/Pr2/Ra68_2902/movie/movie_test/drift.json
Ek9.2e-4,0.00092,Pr2,2.0,Ra81_2779,81.2779,0.23529158286418633,2.243182102171227e-06,3,/pfs/lustrep1/scratch/project_465001528/scalisim/THE/fs_RTC/Ek9.2e-4/Pr2/Ra81_2779/movie/movie_test/drift.json
Ek9.2e-4,0.00092,Pr2,2.0,Ra94_2656,94.2656,0.2893949717781895,0.000569034164250481,3,/pfs/lustrep1/scratch/project_465001528/scalisim/THE/fs_RTC/Ek9.2e-4/Pr2/Ra94_2656/movie/movie_test/drift.json
Ek9.2e-4,0.00092,Pr3,3.0,Ra28_7629,28.7629,-0.18698783122064977,1.7934735332474667e-06,3,/pfs/lustrep1/scratch/project_465001528/scalisim/THE/fs_RTC/Ek9.2e-4/Pr3/Ra28_7629/movie/movie_test/drift.json
Ek9.2e-4,0.00092,Pr3,3.0,Ra37_5911,37.5911,-0.06931552229998791,1.386262882721088e-06,3,/pfs/lustrep1/scratch/project_465001528/scalisim/THE/fs_RTC/Ek9.2e-4/Pr3/Ra37_5911/movie/movie_test/drift.json
Ek9.2e-4,0.00092,Pr3,3.0,Ra42_6744,42.6744,-0.0007452846974045425,5.742353244180517e-07,3,/pfs/lustrep1/scratch/project_465001528/scalisim/THE/fs_RTC/Ek9.2e-4/Pr3/Ra42_6744/movie/movie_test/drift.json
Ek9.2e-4,0.00092,Pr3,3.0,Ra42_7189,42.7189,-0.00015218098888510067,5.927324553171964e-07,3,/pfs/lustrep1/scratch/project_465001528/scalisim/THE/fs_RTC/Ek9.2e-4/Pr3/Ra42_7189/movie/movie_test/drift.json
Ek9.2e-4,0.00092,Pr3,3.0,Ra42_7276,42.7276,-3.62541381222449e-05,5.963230205239872e-07,3,/pfs/lustrep1/scratch/project_465001528/scalisim/THE/fs_RTC/Ek9.2e-4/Pr3/Ra42_7276/movie/movie_test/drift.json
Ek9.2e-4,0.00092,Pr3,3.0,Ra42_7355,42.7355,6.900476644848941e-05,5.995758945984313e-07,3,/pfs/lustrep1/scratch/project_465001528/scalisim/THE/fs_RTC/Ek9.2e-4/Pr3/Ra42_7355/movie/movie_test/drift.json
Ek9.2e-4,0.00092,Pr3,3.0,Ra42_7496,42.7496,0.00025685298829451536,6.053635822482739e-07,3,/pfs/lustrep1/scratch/project_465001528/scalisim/THE/fs_RTC/Ek9.2e-4/Pr3/Ra42_7496/movie/movie_test/drift.json
Ek9.2e-4,0.00092,Pr3,3.0,Ra42_7890,42.789,0.000781633538056483,6.214097337340543e-07,3,/pfs/lustrep1/scratch/project_465001528/scalisim/THE/fs_RTC/Ek9.2e-4/Pr3/Ra42_7890/movie/movie_test/drift.json
Ek9.2e-4,0.00092,Pr3,3.0,Ra46_4193,46.4193,0.04841116666583425,6.597635119659309e-07,3,/pfs/lustrep1/scratch/project_465001528/scalisim/THE/fs_RTC/Ek9.2e-4/Pr3/Ra46_4193/movie/movie_test/drift.json
Ek9.2e-4,0.00092,Pr3,3.0,Ra55_2475,55.2475,0.16027202446806316,4.971382925751205e-06,3,/pfs/lustrep1/scratch/project_465001528/scalisim/THE/fs_RTC/Ek9.2e-4/Pr3/Ra55_2475/movie/movie_test/drift.json
Ek9.2e-4,0.00092,Pr3,3.0,Ra64_0757,64.0757,0.29648218270773385,0.0008836700354134883,3,/pfs/lustrep1/scratch/project_465001528/scalisim/THE/fs_RTC/Ek9.2e-4/Pr3/Ra64_0757/movie/movie_test/drift.json
Ek9.2e-4,0.00092,Pr4,4.0,Ra21_7866,21.7866,-0.13936029492550528,2.5263757645121774e-06,3,/pfs/lustrep1/scratch/project_465001528/scalisim/THE/fs_RTC/Ek9.2e-4/Pr4/Ra21_7866/movie/movie_test/drift.json
Ek9.2e-4,0.00092,Pr4,4.0,Ra28_4736,28.4736,-0.050547850647900454,1.6060865635273345e-07,3,/pfs/lustrep1/scratch/project_465001528/scalisim/THE/fs_RTC/Ek9.2e-4/Pr4/Ra28_4736/movie/movie_test/drift.json
Ek9.2e-4,0.00092,Pr4,4.0,Ra32_2925,32.2925,-0.00021667926921332644,2.2090035814525e-06,3,/pfs/lustrep1/scratch/project_465001528/scalisim/THE/fs_RTC/Ek9.2e-4/Pr4/Ra32_2925/movie/movie_test/drift.json
Ek9.2e-4,0.00092,Pr4,4.0,Ra32_3033,32.3033,-7.2102834050186e-05,2.2155031529628823e-06,3,/pfs/lustrep1/scratch/project_465001528/scalisim/THE/fs_RTC/Ek9.2e-4/Pr4/Ra32_3033/movie/movie_test/drift.json
Ek9.2e-4,0.00092,Pr4,4.0,Ra32_3119,32.3119,4.302814433514854e-05,2.2206048620352442e-06,3,/pfs/lustrep1/scratch/project_465001528/scalisim/THE/fs_RTC/Ek9.2e-4/Pr4/Ra32_3119/movie/movie_test/drift.json
Ek9.2e-4,0.00092,Pr4,4.0,Ra32_3249,32.3249,0.0002170720712160475,2.2281920372032565e-06,3,/pfs/lustrep1/scratch/project_465001528/scalisim/THE/fs_RTC/Ek9.2e-4/Pr4/Ra32_3249/movie/movie_test/drift.json
Ek9.2e-4,0.00092,Pr4,4.0,Ra35_1606,35.1606,0.037963678099719136,4.814743403726379e-07,3,/pfs/lustrep1/scratch/project_465001528/scalisim/THE/fs_RTC/Ek9.2e-4/Pr4/Ra35_1606/movie/movie_test/drift.json
Ek9.2e-4,0.00092,Pr4,4.0,Ra41_8475,41.8475,0.12218554479364467,1.4222561083041386e-05,3,/pfs/lustrep1/scratch/project_465001528/scalisim/THE/fs_RTC/Ek9.2e-4/Pr4/Ra41_8475/movie/movie_test/drift.json
Ek9.2e-4,0.00092,Pr4,4.0,Ra48_5345,48.5345,0.16123442830994367,0.0003112104820337946,3,/pfs/lustrep1/scratch/project_465001528/scalisim/THE/fs_RTC/Ek9.2e-4/Pr4/Ra48_5345/movie/movie_test/drift.json
Ek9.2e-4,0.00092,Pr5,5.0,Ra17_5339,17.5339,-0.11045010155000187,3.2852903555988163e-06,3,/pfs/lustrep1/scratch/project_465001528/scalisim/THE/fs_RTC/Ek9.2e-4/Pr5/Ra17_5339/movie/movie_test/drift.json
Ek9.2e-4,0.00092,Pr5,5.0,Ra22_9156,22.9156,-0.04036716010361218,2.777492919685296e-06,3,/pfs/lustrep1/scratch/project_465001528/scalisim/THE/fs_RTC/Ek9.2e-4/Pr5/Ra22_9156/movie/movie_test/drift.json
Ek9.2e-4,0.00092,Pr5,5.0,Ra25_9968,25.9968,-0.00011472225603504552,5.237251770609966e-07,3,/pfs/lustrep1/scratch/project_465001528/scalisim/THE/fs_RTC/Ek9.2e-4/Pr5/Ra25_9968/movie/movie_test/drift.json
Ek9.2e-4,0.00092,Pr5,5.0,Ra26_0090,26.009,4.027193991102937e-05,5.004349673100953e-07,3,/pfs/lustrep1/scratch/project_465001528/scalisim/THE/fs_RTC/Ek9.2e-4/Pr5/Ra26_0090/movie/movie_test/drift.json
Ek9.2e-4,0.00092,Pr5,5.0,Ra26_0154,26.0154,0.00012159184662515183,4.882349036784242e-07,3,/pfs/lustrep1/scratch/project_465001528/scalisim/THE/fs_RTC/Ek9.2e-4/Pr5/Ra26_0154/movie/movie_test/drift.json
Ek9.2e-4,0.00092,Pr5,5.0,Ra28_2973,28.2973,0.029715106107645745,4.099200423313265e-06,3,/pfs/lustrep1/scratch/project_465001528/scalisim/THE/fs_RTC/Ek9.2e-4/Pr5/Ra28_2973/movie/movie_test/drift.json
Ek9.2e-4,0.00092,Pr5,5.0,Ra33_6790,33.679,0.0965289647943633,5.9532156236057535e-06,3,/pfs/lustrep1/scratch/project_465001528/scalisim/THE/fs_RTC/Ek9.2e-4/Pr5/Ra33_6790/movie/movie_test/drift.json
Ek9.2e-4,0.00092,Pr5,5.0,Ra39_0607,39.0607,0.16863697740010017,0.0005053348962570184,3,/pfs/lustrep1/scratch/project_465001528/scalisim/THE/fs_RTC/Ek9.2e-4/Pr5/Ra39_0607/movie/movie_test/drift.json
Ek9.2e-4,0.00092,Pr8,8.0,Ra11_0395,11.0395,-0.06626323729418983,4.8068142274528165e-06,3,/pfs/lustrep1/scratch/project_465001528/scalisim/THE/fs_RTC/Ek9.2e-4/Pr8/Ra11_0395/movie/movie_test/drift.json
Ek9.2e-4,0.00092,Pr8,8.0,Ra14_4278,14.4278,-0.02720207240058005,2.7397072973034003e-06,3,/pfs/lustrep1/scratch/project_465001528/scalisim/THE/fs_RTC/Ek9.2e-4/Pr8/Ra14_4278/movie/movie_test/drift.json
Ek9.2e-4,0.00092,Pr8,8.0,Ra15_9534,15.9534,-0.0019148089120175486,6.5094008533734885e-06,3,/pfs/lustrep1/scratch/project_465001528/scalisim/THE/fs_RTC/Ek9.2e-4/Pr8/Ra15_9534/movie/movie_test/drift.json
Ek9.2e-4,0.00092,Pr8,8.0,Ra16_0534,16.0534,-0.0004549867916258574,7.255122067188524e-06,3,/pfs/lustrep1/scratch/project_465001528/scalisim/THE/fs_RTC/Ek9.2e-4/Pr8/Ra16_0534/movie/movie_test/drift.json
Ek9.2e-4,0.00092,Pr8,8.0,Ra16_0770,16.077,-0.00011429105653332656,7.429416217823596e-06,3,/pfs/lustrep1/scratch/project_465001528/scalisim/THE/fs_RTC/Ek9.2e-4/Pr8/Ra16_0770/movie/movie_test/drift.json
Ek9.2e-4,0.00092,Pr8,8.0,Ra16_0830,16.083,-2.7904427225827116e-05,7.473608164246715e-06,3,/pfs/lustrep1/scratch/project_465001528/scalisim/THE/fs_RTC/Ek9.2e-4/Pr8/Ra16_0830/movie/movie_test/drift.json
Ek9.2e-4,0.00092,Pr8,8.0,Ra16_0889,16.0889,5.69513441784974e-05,7.517014309865566e-06,3,/pfs/lustrep1/scratch/project_465001528/scalisim/THE/fs_RTC/Ek9.2e-4/Pr8/Ra16_0889/movie/movie_test/drift.json
Ek9.2e-4,0.00092,Pr8,8.0,Ra16_1010,16.101,0.00023069550158150444,7.6058771546949975e-06,3,/pfs/lustrep1/scratch/project_465001528/scalisim/THE/fs_RTC/Ek9.2e-4/Pr8/Ra16_1010/movie/movie_test/drift.json
Ek9.2e-4,0.00092,Pr8,8.0,Ra16_1486,16.1486,0.0009105214387755337,7.95328050518658e-06,3,/pfs/lustrep1/scratch/project_465001528/scalisim/THE/fs_RTC/Ek9.2e-4/Pr8/Ra16_1486/movie/movie_test/drift.json
Ek9.2e-4,0.00092,Pr8,8.0,Ra16_3112,16.3112,0.003189496290200173,9.108788893294389e-06,3,/pfs/lustrep1/scratch/project_465001528/scalisim/THE/fs_RTC/Ek9.2e-4/Pr8/Ra16_3112/movie/movie_test/drift.json
Ek9.2e-4,0.00092,Pr8,8.0,Ra17_8162,17.8162,0.021737775220598752,1.555525354421913e-05,3,/pfs/lustrep1/scratch/project_465001528/scalisim/THE/fs_RTC/Ek9.2e-4/Pr8/Ra17_8162/movie/movie_test/drift.json
Ek9.2e-4,0.00092,Pr8,8.0,Ra21_2046,21.2046,0.05928544493483217,1.0754672428800157e-05,3,/pfs/lustrep1/scratch/project_465001528/scalisim/THE/fs_RTC/Ek9.2e-4/Pr8/Ra21_2046/movie/movie_test/drift.json
Ek9.2e-4,0.00092,Pr8,8.0,Ra24_5929,24.5929,0.12299503119866483,0.00010295002441498668,3,/pfs/lustrep1/scratch/project_465001528/scalisim/THE/fs_RTC/Ek9.2e-4/Pr8/Ra24_5929/movie/movie_test/drift.json
Ek9.2e-4,0.00092,Pr10,10.0,Ra8_8475,8.8475,-0.051232561124910356,5.251481676295838e-06,3,/pfs/lustrep1/scratch/project_465001528/scalisim/THE/fs_RTC/Ek9.2e-4/Pr10/Ra8_8475/movie/movie_test/drift.json
Ek9.2e-4,0.00092,Pr10,10.0,Ra11_5631,11.5631,-0.022426956373663046,1.4788721371926828e-06,3,/pfs/lustrep1/scratch/project_465001528/scalisim/THE/fs_RTC/Ek9.2e-4/Pr10/Ra11_5631/movie/movie_test/drift.json
Ek9.2e-4,0.00092,Pr10,10.0,Ra12_6760,12.676,-0.0016659550934376352,2.6966469828281197e-06,3,/pfs/lustrep1/scratch/project_465001528/scalisim/THE/fs_RTC/Ek9.2e-4/Pr10/Ra12_6760/movie/movie_test/drift.json
Ek9.2e-4,0.00092,Pr10,10.0,Ra12_7481,12.7481,-0.0003658196255716564,3.277180862463269e-06,3,/pfs/lustrep1/scratch/project_465001528/scalisim/THE/fs_RTC/Ek9.2e-4/Pr10/Ra12_7481/movie/movie_test/drift.json
Ek9.2e-4,0.00092,Pr10,10.0,Ra12_7635,12.7635,-8.975048475473174e-05,3.4050040414616746e-06,3,/pfs/lustrep1/scratch/project_465001528/scalisim/THE/fs_RTC/Ek9.2e-4/Pr10/Ra12_7635/movie/movie_test/drift.json
Ek9.2e-4,0.00092,Pr10,10.0,Ra12_7710,12.771,4.4484705019972615e-05,3.467727137107724e-06,3,/pfs/lustrep1/scratch/project_465001528/scalisim/THE/fs_RTC/Ek9.2e-4/Pr10/Ra12_7710/movie/movie_test/drift.json
Ek9.2e-4,0.00092,Pr10,10.0,Ra12_7783,12.7783,0.00017500441078861898,3.5290709895827658e-06,3,/pfs/lustrep1/scratch/project_465001528/scalisim/THE/fs_RTC/Ek9.2e-4/Pr10/Ra12_7783/movie/movie_test/drift.json
Ek9.2e-4,0.00092,Pr10,10.0,Ra12_8060,12.806,0.000669029764745782,3.7644328672377166e-06,3,/pfs/lustrep1/scratch/project_465001528/scalisim/THE/fs_RTC/Ek9.2e-4/Pr10/Ra12_8060/movie/movie_test/drift.json
Ek9.2e-4,0.00092,Pr10,10.0,Ra12_8902,12.8902,0.002158339445275968,4.503910810828065e-06,3,/pfs/lustrep1/scratch/project_465001528/scalisim/THE/fs_RTC/Ek9.2e-4/Pr10/Ra12_8902/movie/movie_test/drift.json
Ek9.2e-4,0.00092,Pr10,10.0,Ra14_2787,14.2787,0.023465409920288935,1.8361414902985523e-05,3,/pfs/lustrep1/scratch/project_465001528/scalisim/THE/fs_RTC/Ek9.2e-4/Pr10/Ra14_2787/movie/movie_test/drift.json
Ek9.2e-4,0.00092,Pr10,10.0,Ra16_9943,16.9943,0.05099787084673554,3.094371445762177e-05,3,/pfs/lustrep1/scratch/project_465001528/scalisim/THE/fs_RTC/Ek9.2e-4/Pr10/Ra16_9943/movie/movie_test/drift.json
Ek9.2e-4,0.00092,Pr10,10.0,Ra19_7099,19.7099,0.07104851351788595,3.4626348175289154e-05,3,/pfs/lustrep1/scratch/project_465001528/scalisim/THE/fs_RTC/Ek9.2e-4/Pr10/Ra19_7099/movie/movie_test/drift.json
Ek9.2e-4,0.00092,Pr20,20.0,Ra4_4399,4.4399,-0.02079424389463783,5.379170554820598e-06,3,/pfs/lustrep1/scratch/project_465001528/scalisim/THE/fs_RTC/Ek9.2e-4/Pr20/Ra4_4399/movie/movie_test/drift.json
Ek9.2e-4,0.00092,Pr20,20.0,Ra5_8026,5.8026,-0.011547008639588026,7.478066949331204e-07,3,/pfs/lustrep1/scratch/project_465001528/scalisim/THE/fs_RTC/Ek9.2e-4/Pr20/Ra5_8026/movie/movie_test/drift.json
Ek9.2e-4,0.00092,Pr20,20.0,Ra6_4446,6.4446,-0.0016170609954099186,4.195032642284877e-06,3,/pfs/lustrep1/scratch/project_465001528/scalisim/THE/fs_RTC/Ek9.2e-4/Pr20/Ra6_4446/movie/movie_test/drift.json
Ek9.2e-4,0.00092,Pr20,20.0,Ra6_5070,6.507,-0.0004744999820756108,4.659786602241907e-06,3,/pfs/lustrep1/scratch/project_465001528/scalisim/THE/fs_RTC/Ek9.2e-4/Pr20/Ra6_5070/movie/movie_test/drift.json
Ek9.2e-4,0.00092,Pr20,20.0,Ra6_5260,6.526,-0.00012155221094180286,4.799804800045041e-06,3,/pfs/lustrep1/scratch/project_465001528/scalisim/THE/fs_RTC/Ek9.2e-4/Pr20/Ra6_5260/movie/movie_test/drift.json
Ek9.2e-4,0.00092,Pr20,20.0,Ra6_5309,6.5309,-3.0156571242718025e-05,4.835785516105309e-06,3,/pfs/lustrep1/scratch/project_465001528/scalisim/THE/fs_RTC/Ek9.2e-4/Pr20/Ra6_5309/movie/movie_test/drift.json
Ek9.2e-4,0.00092,Pr20,20.0,Ra6_5358,6.5358,6.13902790655588e-05,4.871711058109598e-06,3,/pfs/lustrep1/scratch/project_465001528/scalisim/THE/fs_RTC/Ek9.2e-4/Pr20/Ra6_5358/movie/movie_test/drift.json
Ek9.2e-4,0.00092,Pr20,20.0,Ra6_5456,6.5456,0.00024493466458232514,4.943392184655325e-06,3,/pfs/lustrep1/scratch/project_465001528/scalisim/THE/fs_RTC/Ek9.2e-4/Pr20/Ra6_5456/movie/movie_test/drift.json
Ek9.2e-4,0.00092,Pr20,20.0,Ra6_5885,6.5885,0.001055345284007269,5.2543107522822295e-06,3,/pfs/lustrep1/scratch/project_465001528/scalisim/THE/fs_RTC/Ek9.2e-4/Pr20/Ra6_5885/movie/movie_test/drift.json
Ek9.2e-4,0.00092,Pr20,20.0,Ra7_1654,7.1654,0.012963448502114526,8.109556032101208e-06,3,/pfs/lustrep1/scratch/project_465001528/scalisim/THE/fs_RTC/Ek9.2e-4/Pr20/Ra7_1654/movie/movie_test/drift.json
Ek9.2e-4,0.00092,Pr20,20.0,Ra8_5281,8.5281,0.042362522140211904,5.50899274572609e-06,3,/pfs/lustrep1/scratch/project_465001528/scalisim/THE/fs_RTC/Ek9.2e-4/Pr20/Ra8_5281/movie/movie_test/drift.json
Ek9.2e-4,0.00092,Pr20,20.0,Ra9_8908,9.8908,0.06830686128417382,1.3389926471507942e-05,3,/pfs/lustrep1/scratch/project_465001528/scalisim/THE/fs_RTC/Ek9.2e-4/Pr20/Ra9_8908/movie/movie_test/drift.json
Ek9.2e-4,0.00092,Pr40,40.0,Ra2_2240,2.224,-0.007014245997994275,2.713596721931608e-06,3,/pfs/lustrep1/scratch/project_465001528/scalisim/THE/fs_RTC/Ek9.2e-4/Pr40/Ra2_2240/movie/movie_test/drift.json
Ek9.2e-4,0.00092,Pr40,40.0,Ra2_9066,2.9066,-0.004719081089574297,1.3117361542890266e-06,3,/pfs/lustrep1/scratch/project_465001528/scalisim/THE/fs_RTC/Ek9.2e-4/Pr40/Ra2_9066/movie/movie_test/drift.json
Ek9.2e-4,0.00092,Pr40,40.0,Ra3_3878,3.3878,-0.00032809312764973595,1.0139064977519079e-06,3,/pfs/lustrep1/scratch/project_465001528/scalisim/THE/fs_RTC/Ek9.2e-4/Pr40/Ra3_3878/movie/movie_test/drift.json
Ek9.2e-4,0.00092,Pr40,40.0,Ra3_4071,3.4071,-0.00010395770140509013,1.1306361424531466e-06,3,/pfs/lustrep1/scratch/project_465001528/scalisim/THE/fs_RTC/Ek9.2e-4/Pr40/Ra3_4071/movie/movie_test/drift.json
Ek9.2e-4,0.00092,Pr40,40.0,Ra3_4136,3.4136,-2.765563643948211e-05,1.1702565751458016e-06,3,/pfs/lustrep1/scratch/project_465001528/scalisim/THE/fs_RTC/Ek9.2e-4/Pr40/Ra3_4136/movie/movie_test/drift.json
Ek9.2e-4,0.00092,Pr40,40.0,Ra3_4208,3.4208,5.7341915826883993e-05,1.2143189322023998e-06,3,/pfs/lustrep1/scratch/project_465001528/scalisim/THE/fs_RTC/Ek9.2e-4/Pr40/Ra3_4208/movie/movie_test/drift.json
Ek9.2e-4,0.00092,Pr40,40.0,Ra3_4380,3.438,0.0002624198251111929,1.320300794199502e-06,3,/pfs/lustrep1/scratch/project_465001528/scalisim/THE/fs_RTC/Ek9.2e-4/Pr40/Ra3_4380/movie/movie_test/drift.json
Ek9.2e-4,0.00092,Pr40,40.0,Ra3_5892,3.5892,0.0019752067401094496,2.2897451848802513e-06,3,/pfs/lustrep1/scratch/project_465001528/scalisim/THE/fs_RTC/Ek9.2e-4/Pr40/Ra3_5892/movie/movie_test/drift.json
Ek9.2e-4,0.00092,Pr40,40.0,Ra4_2718,4.2718,0.01294003076346854,6.095296641100937e-06,3,/pfs/lustrep1/scratch/project_465001528/scalisim/THE/fs_RTC/Ek9.2e-4/Pr40/Ra4_2718/movie/movie_test/drift.json
Ek9.2e-4,0.00092,Pr40,40.0,Ra4_9544,4.9544,0.025411738061118457,6.90428107921785e-06,3,/pfs/lustrep1/scratch/project_465001528/scalisim/THE/fs_RTC/Ek9.2e-4/Pr40/Ra4_9544/movie/movie_test/drift.json
Ek9.2e-4,0.00092,Pr80,80.0,Ra1_1130,1.113,-0.0026621348445053233,7.429819163837026e-07,3,/pfs/lustrep1/scratch/project_465001528/scalisim/THE/fs_RTC/Ek9.2e-4/Pr80/Ra1_1130/movie/movie_test/drift.json
Ek9.2e-4,0.00092,Pr80,80.0,Ra1_4546,1.4546,-0.0017882854646626529,5.709633961644645e-07,3,/pfs/lustrep1/scratch/project_465001528/scalisim/THE/fs_RTC/Ek9.2e-4/Pr80/Ra1_4546/movie/movie_test/drift.json
Ek9.2e-4,0.00092,Pr80,80.0,Ra1_7828,1.7828,-3.168118882653042e-05,2.654901952763102e-07,3,/pfs/lustrep1/scratch/project_465001528/scalisim/THE/fs_RTC/Ek9.2e-4/Pr80/Ra1_7828/movie/movie_test/drift.json
Ek9.2e-4,0.00092,Pr80,80.0,Ra1_7962,1.7962,7.283882407076842e-05,3.0869167374045765e-07,3,/pfs/lustrep1/scratch/project_465001528/scalisim/THE/fs_RTC/Ek9.2e-4/Pr80/Ra1_7962/movie/movie_test/drift.json
Ek9.2e-4,0.00092,Pr80,80.0,Ra2_1379,2.1379,0.0033235484760161826,1.7978626231318504e-06,3,/pfs/lustrep1/scratch/project_465001528/scalisim/THE/fs_RTC/Ek9.2e-4/Pr80/Ra2_1379/movie/movie_test/drift.json
Ek9.2e-4,0.00092,Pr80,80.0,Ra2_4795,2.4795,0.008006818528188077,3.5007314779817636e-06,3,/pfs/lustrep1/scratch/project_465001528/scalisim/THE/fs_RTC/Ek9.2e-4/Pr80/Ra2_4795/movie/movie_test/drift.json
Ek9.2e-4,0.00092,Pr100,100.0,Ra0_8906,0.8906,-0.0019277612079208611,4.791176004667294e-07,3,/pfs/lustrep1/scratch/project_465001528/scalisim/THE/fs_RTC/Ek9.2e-4/Pr100/Ra0_8906/movie/movie_test/drift.json
Ek9.2e-4,0.00092,Pr100,100.0,Ra1_1639,1.1639,-0.0014721741328247316,2.864485980889877e-07,3,/pfs/lustrep1/scratch/project_465001528/scalisim/THE/fs_RTC/Ek9.2e-4/Pr100/Ra1_1639/movie/movie_test/drift.json
Ek9.2e-4,0.00092,Pr100,100.0,Ra1_4373,1.4373,-3.212662463309827e-05,1.9309533800583794e-07,3,/pfs/lustrep1/scratch/project_465001528/scalisim/THE/fs_RTC/Ek9.2e-4/Pr100/Ra1_4373/movie/movie_test/drift.json
Ek9.2e-4,0.00092,Pr100,100.0,Ra1_7106,1.7106,0.002141325028314552,1.235594779744164e-06,3,/pfs/lustrep1/scratch/project_465001528/scalisim/THE/fs_RTC/Ek9.2e-4/Pr100/Ra1_7106/movie/movie_test/drift.json
Ek9.2e-4,0.00092,Pr100,100.0,Ra1_9839,1.9839,0.005286706239736246,2.7063948632482494e-06,3,/pfs/lustrep1/scratch/project_465001528/scalisim/THE/fs_RTC/Ek9.2e-4/Pr100/Ra1_9839/movie/movie_test/drift.json
